{
  "Campaign": ["year", "month", "day", "date", "start_date", "end_date", "platform", "country", "signature", "campaign_type", "campaign_name", "store_or_franchise", "maximum_discount", "average_discount", "bonus", "cashback", "pricing_tier", "division", "phasing", "file_name", "insert_timestamp", "update_timestamp"],
  "Promo_plan": ["version_month", "attributes", "year", "month", "promo_duration", "start_date", "end_date", "client", "country", "online_offline", "channel", "signature", "brand", "franchise_sub_brand", "category", "sub_category", "forecasting_line", "product_name", "ean_code", "product_id", "sap_material_code", "seller_code", "product_type", "single_bundle", "budget_owner", "promo_name", "campaign_type1", "campaign_type2", "promo_mechanics", "promo_mechanics_details1", "promo_mechanics_details2", "promo_type", "consumer_group", "rsp", "promo_price", "promo_discount_percentage", "promo_discount_value", "minimum_spend_value", "type_of_voucher", "redemption_period_start", "redemption_period_end", "cap_order", "type_of_allowance", "promo_basis", "unit_cost_of_promo", "compensation_condition", "display_type", "sellout_baseline_unit_forecast", "sellout_baseline_value_forecast", "sellout_promo_units_actual", "sellout_promo_value_actual", "issued_quantity", "redemption_quantity_percentage", "real_usage_quota"],
  "LSP": ["ean","year","type"],
  "master_data_forecast": ["ean","signature","brand","Sub Brand","category","sub-category","group","sub-group","hero","bundle","material_type","material_des","Old EAN","lzd_status","lzd_launch_month","lzd_dc_month","shp_status","shp_launch_month","shp_dc_month","unecorn_shp_status","unecorn_lzd_status"],
  "Holiday_calendar": ["year","day_name","date","holiday_name","country"],
  "dummy_code": ["record_type","compass_product_code","product_label","fm_level_2","dummy","dummy-1","dummy-2","dummy-3","dummy-4","dummy-5","dummy-6","dummy-7","dummy-8","dummy-9","dummy-10","signature","signature_description","brand","brand_description","sub_brand","sub_brand_description","reference_code","reference_code_description","attribute_n-5","axe_code","axe_code_description","subaxe_code","subaxe_code_description","class_code","class_code_description","function_code","function_code_description","fm_material_type","fm_material_group","fm_sales_statu","attribute_n-13","material","attribute_n-15","attribute_n-16","compass_product_code-11","attribute_n-18","material-12","business_units","compass_channel_code"]
}

